{
  "hash": "c9123788",
  "configHash": "ad2f8add",
  "lockfileHash": "29de1f1a",
  "browserHash": "b32c39c1",
  "optimized": {
    "@angular/core": {
      "src": "../../../../../node_modules/@angular/core/fesm2022/core.mjs",
      "file": "@angular_core.js",
      "fileHash": "fda6613c",
      "needsInterop": false
    },
    "@angular/platform-browser": {
      "src": "../../../../../node_modules/@angular/platform-browser/fesm2022/platform-browser.mjs",
      "file": "@angular_platform-browser.js",
      "fileHash": "613d25ed",
      "needsInterop": false
    },
    "@angular/router": {
      "src": "../../../../../node_modules/@angular/router/fesm2022/router.mjs",
      "file": "@angular_router.js",
      "fileHash": "4a3266e6",
      "needsInterop": false
    }
  },
  "chunks": {
    "chunk-WRKPJZGB": {
      "file": "chunk-WRKPJZGB.js"
    },
    "chunk-2NUUPOEB": {
      "file": "chunk-2NUUPOEB.js"
    }
  }
}